{"stats":{"minecraft:custom":{"minecraft:interact_with_furnace":2,"minecraft:mob_kills":5,"minecraft:interact_with_crafting_table":7,"minecraft:damage_dealt_resisted":845,"minecraft:time_since_death":8476,"minecraft:sleep_in_bed":1,"minecraft:climb_one_cm":3951,"minecraft:time_since_rest":7418,"minecraft:sprint_one_cm":63775,"minecraft:damage_taken":1010,"minecraft:walk_one_cm":128969,"minecraft:drop":1,"minecraft:damage_dealt":3235,"minecraft:damage_dealt_absorbed":120,"minecraft:fly_one_cm":54865,"minecraft:open_chest":6,"minecraft:crouch_one_cm":8338,"minecraft:play_time":43763,"tombstone:undead_killed":2,"minecraft:deaths":1,"minecraft:sneak_time":3048,"minecraft:jump":396,"minecraft:walk_on_water_one_cm":1325,"minecraft:total_world_time":43763,"minecraft:fall_one_cm":6313},"minecraft:killed":{"minecraft:creeper":2,"minecraft:zombie":2,"minecraft:mooshroom":1},"minecraft:picked_up":{"sophisticatedbackpacks:gold_backpack":1,"minecraft:crafting_table":1,"minecraft:wheat":20,"minecraft:leather":2,"minecraft:brown_mushroom":64,"minecraft:gunpowder":1,"farmersdelight:flint_knife":1,"minecraft:dirt":5,"minecraft:wheat_seeds":59,"minecraft:spruce_planks":1,"minecraft:beef":1,"minecraft:acacia_sapling":3,"minecraft:stick":7,"minecraft:raw_iron":11,"farmersdelight:minced_beef":3,"minecraft:torch":1,"minecraft:acacia_log":7,"farmersdelight:tomato_seeds":1,"minecraft:carrot":13,"minecraft:polished_blackstone_button":2,"gamma_beasts:kiwi":8,"gamma_beasts:coal_nugget":5,"minecraft:emerald":6,"minecraft:coal":11,"minecraft:white_wool":4,"minecraft:cobblestone":109},"minecraft:crafted":{"minecraft:cooked_beef":1,"minecraft:crafting_table":1,"minecraft:wooden_pickaxe":1,"minecraft:stone_axe":1,"minecraft:bread":2,"minecraft:air":0,"farmersdelight:beef_patty":3,"minecraft:stick":4,"minecraft:iron_ingot":11,"minecraft:stone_pickaxe":2,"minecraft:stone_sword":1,"minecraft:acacia_planks":28,"minecraft:torch":4},"minecraft:used":{"minecraft:stone_sword":107,"minecraft:stone_pickaxe":123,"minecraft:spruce_planks":1,"minecraft:wooden_pickaxe":9,"soul_like_armors_reworked:estusflask":1,"minecraft:torch":5,"minecraft:crafting_table":2,"minecraft:carrot":20,"gamma_beasts:kiwi":8,"soul_like_armors_reworked:dagger":5,"minecraft:bread":1,"tombstone:grave_key":1,"minecraft:stone_axe":6,"minecraft:cobblestone":50},"minecraft:mined":{"minecraft:glass_pane":1,"farmersdelight:wild_carrots":13,"minecraft:crafting_table":1,"minecraft:grass_block":3,"minecraft:tall_grass":2,"minecraft:cobblestone":5,"farmersdelight:wild_tomatoes":1,"minecraft:wall_torch":1,"minecraft:iron_ore":11,"minecraft:wheat":20,"treechop:chopped_log":1,"minecraft:grass":4,"gamma_beasts:acacia_hoja":4,"minecraft:coal_ore":9,"minecraft:dirt":2,"minecraft:stone":107,"minecraft:white_wool":4},"minecraft:dropped":{"minecraft:wooden_pickaxe":1}},"DataVersion":3465}