{"stats":{"minecraft:crafted":{"minecraft:crafting_table":1,"minecraft:stick":8,"minecraft:wooden_pickaxe":1,"minecraft:stone_pickaxe":1,"minecraft:stone_sword":1,"minecraft:birch_planks":28,"minecraft:stone_axe":1,"minecraft:bread":33,"minecraft:wheat":99},"minecraft:dropped":{"minecraft:bread":7,"minecraft:wheat_seeds":1,"minecraft:stone_pickaxe":1,"minecraft:pink_tulip":1},"minecraft:picked_up":{"minecraft:birch_log":15,"swem:timothy_seeds":1,"minecraft:stick":4,"minecraft:crafting_table":1,"minecraft:pumpkin":3,"minecraft:sweet_berries":22,"minecraft:oak_log":6,"minecraft:white_bed":1,"minecraft:dirt":20,"minecraft:iron_leggings":1,"minecraft:wheat_seeds":1,"minecraft:hay_block":11,"minecraft:stone_pickaxe":2,"minecraft:pink_tulip":1,"minecraft:oak_sapling":3,"minecraft:birch_sapling":3,"minecraft:cobblestone":28},"minecraft:custom":{"minecraft:time_since_rest":4607,"minecraft:waystone_activated":1,"minecraft:sprint_one_cm":58363,"minecraft:damage_taken":80,"minecraft:walk_one_cm":58665,"minecraft:drop":10,"minecraft:talked_to_villager":4,"minecraft:interact_with_crafting_table":12,"minecraft:fly_one_cm":25468,"minecraft:open_chest":5,"minecraft:crouch_one_cm":204,"minecraft:play_time":17442,"minecraft:sneak_time":52,"minecraft:jump":251,"minecraft:time_since_death":17442,"minecraft:sleep_in_bed":2,"minecraft:total_world_time":17442,"minecraft:fall_one_cm":4419},"minecraft:mined":{"minecraft:hay_block":11,"minecraft:white_bed":1,"minecraft:sweet_berry_bush":9,"minecraft:pumpkin":3,"treechop:chopped_log":3,"minecraft:crafting_table":1,"minecraft:grass":1,"minecraft:grass_block":14,"minecraft:dirt":6,"minecraft:cobblestone":28,"minecraft:oak_leaves":2},"minecraft:used":{"minecraft:bread":3,"minecraft:stone_pickaxe":16,"minecraft:wooden_pickaxe":13,"minecraft:stone_axe":17,"minecraft:dirt":15,"minecraft:crafting_table":2}},"DataVersion":3465}