{"stats":{"minecraft:custom":{"minecraft:time_since_rest":19763,"minecraft:sprint_one_cm":35769,"minecraft:damage_taken":135,"minecraft:walk_one_cm":67425,"minecraft:mob_kills":3,"minecraft:damage_dealt":1589,"minecraft:damage_dealt_absorbed":120,"minecraft:interact_with_crafting_table":5,"minecraft:fly_one_cm":30392,"minecraft:crouch_one_cm":5735,"minecraft:play_time":19763,"tombstone:undead_killed":1,"minecraft:sneak_time":2343,"minecraft:jump":240,"minecraft:time_since_death":19763,"minecraft:total_world_time":19763,"minecraft:fall_one_cm":2208},"minecraft:killed":{"minecraft:zombie":1,"minecraft:creeper":2},"minecraft:picked_up":{"sophisticatedbackpacks:gold_backpack":1,"minecraft:stick":7,"minecraft:raw_iron":11,"minecraft:crafting_table":1,"minecraft:acacia_log":7,"farmersdelight:tomato_seeds":1,"minecraft:carrot":13,"minecraft:gunpowder":1,"minecraft:dirt":5,"minecraft:wheat_seeds":2,"gamma_beasts:coal_nugget":2,"minecraft:coal":4,"minecraft:acacia_sapling":3,"minecraft:cobblestone":107},"minecraft:crafted":{"minecraft:crafting_table":1,"minecraft:stick":4,"minecraft:wooden_pickaxe":1,"minecraft:stone_pickaxe":1,"minecraft:stone_sword":1,"minecraft:acacia_planks":28,"minecraft:torch":4,"minecraft:stone_axe":1},"minecraft:used":{"soul_like_armors_reworked:dagger":5,"minecraft:stone_sword":41,"minecraft:stone_pickaxe":117,"minecraft:wooden_pickaxe":9,"minecraft:stone_axe":6,"minecraft:torch":3,"minecraft:cobblestone":50,"minecraft:crafting_table":2,"minecraft:carrot":11},"minecraft:mined":{"minecraft:iron_ore":11,"farmersdelight:wild_carrots":13,"treechop:chopped_log":1,"minecraft:crafting_table":1,"minecraft:grass":4,"minecraft:grass_block":3,"minecraft:coal_ore":5,"minecraft:dirt":2,"minecraft:cobblestone":3,"minecraft:tall_grass":2,"farmersdelight:wild_tomatoes":1,"minecraft:stone":107}},"DataVersion":3465}