{"stats":{"minecraft:dropped":{"minecraft:pink_tulip":1},"minecraft:crafted":{"minecraft:stone_sword":1,"minecraft:birch_planks":28,"minecraft:stone_axe":1,"minecraft:crafting_table":1,"minecraft:stick":8,"minecraft:stone_pickaxe":1,"minecraft:wooden_pickaxe":1},"minecraft:picked_up":{"minecraft:birch_log":15,"minecraft:crafting_table":1,"minecraft:pink_tulip":1,"minecraft:cobblestone":28,"minecraft:birch_sapling":3,"minecraft:dirt":20},"minecraft:custom":{"minecraft:time_since_rest":5442,"minecraft:crouch_one_cm":204,"minecraft:play_time":5442,"minecraft:sprint_one_cm":3779,"minecraft:damage_taken":20,"minecraft:walk_one_cm":8914,"minecraft:sneak_time":52,"minecraft:drop":1,"minecraft:jump":156,"minecraft:time_since_death":5442,"minecraft:total_world_time":5442,"minecraft:interact_with_crafting_table":2,"minecraft:fall_one_cm":880,"minecraft:fly_one_cm":4110},"minecraft:mined":{"minecraft:grass_block":14,"minecraft:dirt":6,"minecraft:cobblestone":28,"minecraft:crafting_table":1,"treechop:chopped_log":2},"minecraft:used":{"minecraft:stone_axe":8,"minecraft:dirt":15,"minecraft:crafting_table":1,"minecraft:stone_pickaxe":16,"minecraft:wooden_pickaxe":13}},"DataVersion":3465}