{"stats":{"minecraft:custom":{"minecraft:time_since_rest":7763,"minecraft:crouch_one_cm":951,"minecraft:play_time":7763,"minecraft:sprint_one_cm":33243,"minecraft:walk_one_cm":18035,"minecraft:sneak_time":221,"minecraft:mob_kills":1,"minecraft:jump":124,"minecraft:damage_dealt":200,"minecraft:time_since_death":7763,"minecraft:total_world_time":7763,"minecraft:interact_with_crafting_table":3,"minecraft:fall_one_cm":1997,"minecraft:fly_one_cm":29487},"minecraft:killed":{"minecraft:creeper":1},"minecraft:picked_up":{"minecraft:raw_iron":4,"minecraft:stick":7,"minecraft:wheat_seeds":1,"minecraft:acacia_log":7,"minecraft:gunpowder":1,"minecraft:carrot":13,"minecraft:acacia_sapling":3,"minecraft:dirt":1,"minecraft:cobblestone":15},"minecraft:crafted":{"minecraft:stone_sword":1,"minecraft:acacia_planks":28,"minecraft:crafting_table":1,"minecraft:stone_pickaxe":1,"minecraft:wooden_pickaxe":1},"minecraft:used":{"soul_like_armors_reworked:dagger":5,"minecraft:crafting_table":1,"minecraft:stone_pickaxe":12,"minecraft:carrot":1,"minecraft:wooden_pickaxe":8},"minecraft:mined":{"minecraft:grass":4,"minecraft:grass_block":1,"minecraft:iron_ore":4,"minecraft:tall_grass":2,"farmersdelight:wild_carrots":13,"minecraft:stone":16,"treechop:chopped_log":1}},"DataVersion":3465}