{"stats":{"minecraft:crafted":{"minecraft:crafting_table":1,"minecraft:stick":8,"minecraft:wooden_pickaxe":1,"minecraft:stone_pickaxe":1,"minecraft:stone_sword":1,"minecraft:birch_planks":28,"minecraft:stone_axe":1,"minecraft:bread":33,"minecraft:wheat":99},"minecraft:dropped":{"minecraft:bread":7,"minecraft:wheat_seeds":1,"minecraft:oak_fence":1,"minecraft:stone_pickaxe":1,"minecraft:pink_tulip":1},"minecraft:picked_up":{"minecraft:birch_log":15,"swem:timothy_seeds":1,"minecraft:stick":4,"minecraft:crafting_table":1,"minecraft:pumpkin":3,"minecraft:sweet_berries":22,"minecraft:oak_fence":2,"minecraft:oak_log":6,"minecraft:white_bed":1,"minecraft:dirt":20,"minecraft:iron_leggings":1,"minecraft:polished_andesite":1,"minecraft:rotten_flesh":2,"minecraft:wheat_seeds":1,"minecraft:hay_block":39,"minecraft:oak_fence_gate":1,"minecraft:stone_pickaxe":2,"minecraft:pink_tulip":1,"minecraft:oak_sapling":3,"minecraft:birch_sapling":3,"minecraft:cobblestone":28,"minecraft:furnace":1},"minecraft:custom":{"minecraft:time_since_rest":2675,"minecraft:waystone_activated":1,"minecraft:interact_with_furnace":1,"minecraft:sprint_one_cm":90100,"minecraft:damage_taken":995,"minecraft:walk_one_cm":96667,"minecraft:mob_kills":2,"minecraft:drop":11,"minecraft:damage_dealt":669,"minecraft:talked_to_villager":4,"minecraft:interact_with_crafting_table":12,"minecraft:fly_one_cm":51785,"minecraft:open_barrel":3,"minecraft:open_chest":8,"minecraft:crouch_one_cm":770,"minecraft:play_time":29442,"minecraft:deaths":1,"minecraft:sneak_time":230,"minecraft:walk_under_water_one_cm":267,"minecraft:jump":432,"minecraft:walk_on_water_one_cm":316,"minecraft:time_since_death":2652,"minecraft:sleep_in_bed":3,"minecraft:total_world_time":29442,"minecraft:horse_one_cm":132635,"minecraft:fall_one_cm":7569},"minecraft:mined":{"minecraft:hay_block":39,"minecraft:white_bed":1,"minecraft:furnace":1,"minecraft:sweet_berry_bush":9,"minecraft:pumpkin":3,"treechop:chopped_log":3,"minecraft:oak_fence":1,"minecraft:crafting_table":1,"diagonalfences:minecraft/oak_fence":1,"minecraft:grass":2,"minecraft:grass_block":14,"minecraft:oak_fence_gate":1,"minecraft:dirt":6,"minecraft:cobblestone":28,"minecraft:polished_andesite":1,"minecraft:oak_leaves":2},"minecraft:used":{"minecraft:bread":10,"minecraft:stone_pickaxe":18,"minecraft:wooden_pickaxe":13,"minecraft:stone_axe":60,"minecraft:dirt":15,"minecraft:crafting_table":2,"minecraft:white_bed":1,"minecraft:oak_fence_gate":1,"minecraft:oak_fence":1},"minecraft:killed":{"minecraft:zombie":1,"minecraft:creeper":1}},"DataVersion":3465}