{"stats":{"minecraft:custom":{"minecraft:time_since_rest":31763,"minecraft:interact_with_furnace":1,"minecraft:sprint_one_cm":56082,"minecraft:damage_taken":585,"minecraft:walk_one_cm":97055,"minecraft:mob_kills":3,"minecraft:drop":1,"minecraft:damage_dealt":1679,"minecraft:damage_dealt_absorbed":120,"minecraft:interact_with_crafting_table":6,"minecraft:fly_one_cm":51575,"minecraft:open_chest":3,"minecraft:crouch_one_cm":6753,"minecraft:play_time":31763,"tombstone:undead_killed":1,"minecraft:sneak_time":2636,"minecraft:damage_dealt_resisted":60,"minecraft:jump":347,"minecraft:walk_on_water_one_cm":1325,"minecraft:time_since_death":31763,"minecraft:climb_one_cm":606,"minecraft:total_world_time":31763,"minecraft:fall_one_cm":4925},"minecraft:killed":{"minecraft:zombie":1,"minecraft:creeper":2},"minecraft:picked_up":{"sophisticatedbackpacks:gold_backpack":1,"minecraft:stick":7,"minecraft:raw_iron":11,"minecraft:crafting_table":1,"minecraft:torch":1,"minecraft:acacia_log":7,"farmersdelight:tomato_seeds":1,"minecraft:carrot":13,"minecraft:gunpowder":1,"minecraft:dirt":5,"minecraft:wheat_seeds":2,"minecraft:polished_blackstone_button":2,"gamma_beasts:kiwi":8,"gamma_beasts:coal_nugget":5,"minecraft:coal":8,"minecraft:acacia_sapling":3,"minecraft:cobblestone":109},"minecraft:crafted":{"minecraft:crafting_table":1,"minecraft:stick":4,"minecraft:wooden_pickaxe":1,"minecraft:stone_pickaxe":2,"minecraft:stone_sword":1,"minecraft:acacia_planks":28,"minecraft:torch":4,"minecraft:stone_axe":1},"minecraft:used":{"gamma_beasts:kiwi":8,"soul_like_armors_reworked:dagger":5,"minecraft:stone_sword":45,"minecraft:stone_pickaxe":123,"minecraft:wooden_pickaxe":9,"minecraft:stone_axe":6,"minecraft:torch":5,"minecraft:cobblestone":50,"minecraft:crafting_table":2,"minecraft:carrot":18},"minecraft:mined":{"minecraft:iron_ore":11,"farmersdelight:wild_carrots":13,"treechop:chopped_log":1,"minecraft:crafting_table":1,"minecraft:grass":4,"gamma_beasts:acacia_hoja":4,"minecraft:grass_block":3,"minecraft:coal_ore":9,"minecraft:dirt":2,"minecraft:cobblestone":5,"minecraft:tall_grass":2,"farmersdelight:wild_tomatoes":1,"minecraft:stone":107,"minecraft:wall_torch":1},"minecraft:dropped":{"minecraft:wooden_pickaxe":1}},"DataVersion":3465}