{"stats":{"minecraft:picked_up":{"minecraft:raw_iron":12,"minecraft:magma_block":2,"minecraft:stick":8,"minecraft:crafting_table":1,"minecraft:pumpkin":10,"minecraft:sweet_berries":2,"minecraft:porkchop":3,"minecraft:spruce_sapling":10,"minecraft:gunpowder":1,"minecraft:spruce_log":20,"gamma_beasts:blackberry":3,"minecraft:moss_carpet":1,"minecraft:dirt":1,"minecraft:raw_copper":5,"minecraft:spruce_planks":2,"gamma_beasts:coal_nugget":11,"minecraft:moss_block":1,"minecraft:glow_berries":1,"minecraft:coal":24,"minecraft:cobblestone":37},"minecraft:crafted":{"minecraft:crafting_table":1,"minecraft:spruce_planks":36,"minecraft:stick":4,"minecraft:wooden_pickaxe":1,"minecraft:stone_pickaxe":1,"minecraft:furnace":1,"minecraft:stone_axe":1},"minecraft:custom":{"minecraft:time_since_rest":3354,"minecraft:damage_absorbed":105,"minecraft:sprint_one_cm":54447,"minecraft:damage_taken":2308,"minecraft:walk_one_cm":75509,"minecraft:mob_kills":3,"tombstone:raider_killed":1,"minecraft:damage_dealt":1108,"minecraft:fly_one_cm":46359,"minecraft:swim_one_cm":4496,"minecraft:interact_with_crafting_table":3,"minecraft:open_barrel":2,"minecraft:open_chest":2,"minecraft:crouch_one_cm":422,"minecraft:play_time":27260,"tombstone:undead_killed":1,"minecraft:deaths":6,"minecraft:sneak_time":228,"minecraft:walk_under_water_one_cm":1084,"minecraft:jump":496,"minecraft:damage_dealt_resisted":422,"minecraft:leave_game":1,"minecraft:time_since_death":3601,"minecraft:walk_on_water_one_cm":3999,"minecraft:total_world_time":27260,"minecraft:fall_one_cm":10323},"minecraft:killed":{"minecraft:pig":1,"minecraft:creeper":1,"minecraft:phantom":1},"minecraft:used":{"soul_like_armors_reworked:dagger":2,"minecraft:stone_pickaxe":50,"minecraft:spruce_planks":11,"minecraft:wooden_pickaxe":26,"soul_like_armors_reworked:estusflask":5,"minecraft:stone_axe":56,"minecraft:dirt":1,"minecraft:crafting_table":1,"minecraft:porkchop":3,"gamma_beasts:blackberry":3},"minecraft:mined":{"gamma_beasts:abeto_hoja":1,"minecraft:magma_block":2,"minecraft:spruce_planks":2,"minecraft:iron_ore":12,"minecraft:fire":3,"minecraft:moss_carpet":1,"minecraft:pumpkin":10,"treechop:chopped_log":3,"minecraft:crafting_table":1,"minecraft:cave_vines_plant":1,"minecraft:grass":1,"minecraft:coal_ore":24,"minecraft:grass_block":1,"minecraft:copper_ore":2,"minecraft:stone":35,"minecraft:moss_block":1}},"DataVersion":3465}