{"stats":{"minecraft:picked_up":{"minecraft:magma_block":2,"minecraft:stick":8,"minecraft:crafting_table":1,"minecraft:sweet_berries":2,"minecraft:porkchop":3,"minecraft:spruce_sapling":8,"minecraft:spruce_log":14,"gamma_beasts:blackberry":3,"minecraft:cobblestone":29},"minecraft:crafted":{"minecraft:crafting_table":1,"minecraft:spruce_planks":36,"minecraft:stick":4,"minecraft:wooden_pickaxe":1,"minecraft:stone_pickaxe":1,"minecraft:furnace":1,"minecraft:stone_axe":1},"minecraft:custom":{"minecraft:time_since_rest":440,"minecraft:sprint_one_cm":41411,"minecraft:damage_taken":1120,"minecraft:walk_one_cm":40672,"minecraft:mob_kills":1,"minecraft:damage_dealt":641,"minecraft:fly_one_cm":34274,"minecraft:swim_one_cm":999,"minecraft:interact_with_crafting_table":3,"minecraft:crouch_one_cm":132,"minecraft:play_time":15260,"minecraft:deaths":2,"minecraft:sneak_time":143,"minecraft:walk_under_water_one_cm":777,"minecraft:jump":270,"minecraft:damage_dealt_resisted":314,"minecraft:leave_game":1,"minecraft:time_since_death":647,"minecraft:walk_on_water_one_cm":1250,"minecraft:total_world_time":15260,"minecraft:fall_one_cm":5890},"minecraft:killed":{"minecraft:pig":1},"minecraft:used":{"soul_like_armors_reworked:dagger":2,"minecraft:stone_pickaxe":2,"minecraft:wooden_pickaxe":26,"soul_like_armors_reworked:estusflask":5,"minecraft:stone_axe":28,"minecraft:crafting_table":1,"minecraft:porkchop":3,"gamma_beasts:blackberry":3},"minecraft:mined":{"gamma_beasts:abeto_hoja":1,"minecraft:magma_block":2,"minecraft:fire":3,"treechop:chopped_log":2,"minecraft:crafting_table":1,"minecraft:stone":26}},"DataVersion":3465}