{"stats":{"minecraft:custom":{"minecraft:interact_with_furnace":2,"minecraft:mob_kills":14,"minecraft:interact_with_crafting_table":9,"minecraft:damage_dealt_resisted":845,"minecraft:time_since_death":20476,"minecraft:sleep_in_bed":1,"minecraft:damage_resisted":8,"minecraft:climb_one_cm":6448,"minecraft:time_since_rest":19418,"minecraft:sprint_one_cm":108294,"minecraft:damage_taken":1408,"minecraft:walk_one_cm":167832,"minecraft:drop":2,"minecraft:damage_dealt":4545,"minecraft:damage_dealt_absorbed":200,"minecraft:talked_to_villager":4,"minecraft:fly_one_cm":108921,"minecraft:open_chest":11,"minecraft:crouch_one_cm":8831,"minecraft:play_time":55763,"tombstone:undead_killed":8,"minecraft:deaths":1,"minecraft:sneak_time":3329,"minecraft:jump":598,"minecraft:walk_on_water_one_cm":1325,"minecraft:total_world_time":55763,"minecraft:fall_one_cm":15168},"minecraft:killed":{"minecraft:spider":2,"minecraft:creeper":2,"minecraft:zombie":8,"minecraft:mooshroom":1},"minecraft:broken":{"minecraft:stone_sword":1},"minecraft:picked_up":{"sophisticatedbackpacks:gold_backpack":1,"minecraft:iron_chestplate":2,"minecraft:crafting_table":3,"minecraft:wheat":20,"minecraft:leather":2,"minecraft:brown_mushroom":64,"minecraft:stone_brick_stairs":1,"minecraft:gunpowder":1,"minecraft:string":1,"farmersdelight:flint_knife":1,"minecraft:dirt":7,"minecraft:bone":1,"minecraft:acacia_planks":3,"minecraft:wheat_seeds":60,"minecraft:spruce_planks":1,"minecraft:beef":1,"soul_like_armors_reworked:rustysteel_boots":1,"minecraft:acacia_sapling":3,"minecraft:egg":2,"minecraft:stick":7,"minecraft:raw_iron":11,"minecraft:pumpkin":4,"farmersdelight:minced_beef":3,"minecraft:torch":1,"minecraft:acacia_log":7,"farmersdelight:tomato_seeds":1,"minecraft:carrot":13,"minecraft:spruce_door":1,"soul_like_armors_reworked:estusflask":4,"minecraft:arrow":2,"minecraft:rotten_flesh":7,"minecraft:polished_blackstone_button":2,"gamma_beasts:kiwi":8,"minecraft:hay_block":58,"gamma_beasts:coal_nugget":5,"minecraft:emerald":6,"minecraft:coal":11,"minecraft:white_wool":4,"minecraft:cobblestone":109},"minecraft:crafted":{"minecraft:cooked_beef":1,"minecraft:crafting_table":2,"minecraft:wooden_pickaxe":1,"minecraft:stone_axe":1,"minecraft:bread":7,"minecraft:air":0,"farmersdelight:beef_patty":3,"minecraft:stick":8,"minecraft:iron_ingot":11,"minecraft:stone_pickaxe":2,"minecraft:stone_sword":1,"minecraft:acacia_planks":28,"minecraft:torch":4,"minecraft:stone_hoe":1},"minecraft:used":{"minecraft:stone_sword":131,"minecraft:stone_pickaxe":123,"minecraft:spruce_planks":1,"minecraft:wooden_pickaxe":9,"soul_like_armors_reworked:estusflask":5,"minecraft:stone_hoe":36,"minecraft:torch":5,"minecraft:crafting_table":4,"minecraft:carrot":24,"gamma_beasts:kiwi":8,"soul_like_armors_reworked:dagger":5,"minecraft:bread":5,"tombstone:grave_key":1,"minecraft:stone_brick_stairs":1,"minecraft:stone_axe":57,"minecraft:cobblestone":50,"minecraft:acacia_planks":5},"minecraft:mined":{"minecraft:glass_pane":1,"farmersdelight:wild_carrots":13,"minecraft:crafting_table":3,"minecraft:grass_block":4,"minecraft:tall_grass":3,"minecraft:cobblestone":5,"farmersdelight:wild_tomatoes":1,"minecraft:wall_torch":1,"minecraft:hay_block":59,"minecraft:iron_ore":11,"minecraft:fire":6,"minecraft:wheat":20,"minecraft:pumpkin":4,"treechop:chopped_log":1,"minecraft:grass":7,"gamma_beasts:acacia_hoja":4,"minecraft:coal_ore":9,"minecraft:dirt":3,"minecraft:acacia_planks":3,"minecraft:stone":107,"minecraft:white_wool":4},"minecraft:dropped":{"minecraft:rotten_flesh":7,"minecraft:wooden_pickaxe":1}},"DataVersion":3465}