{"stats":{"minecraft:killed":{"naturalist:rattlesnake":1,"minecraft:zombie":1,"minecraft:rabbit":1,"naturalist:cardinal":1,"minecraft:creeper":1},"minecraft:broken":{"minecraft:stone_pickaxe":1},"minecraft:used":{"soul_like_armors_reworked:dagger":18,"minecraft:melon_slice":7,"minecraft:stone_pickaxe":191,"minecraft:bread":2,"minecraft:wooden_pickaxe":12,"tombstone:grave_key":1,"soul_like_armors_reworked:estusflask":3,"minecraft:torch":2,"minecraft:stone_axe":46,"minecraft:crafting_table":2,"minecraft:jungle_planks":2},"minecraft:crafted":{"minecraft:crafting_table":1,"minecraft:stick":12,"minecraft:wooden_pickaxe":1,"minecraft:stone_pickaxe":2,"minecraft:torch":8,"minecraft:stone_axe":1,"minecraft:bread":2,"minecraft:jungle_planks":44},"minecraft:picked_up":{"minecraft:raw_iron":13,"minecraft:lime_bed":1,"minecraft:crafting_table":2,"minecraft:feather":2,"minecraft:wheat":7,"minecraft:jungle_log":11,"minecraft:brown_mushroom":1,"minecraft:torch":2,"minecraft:red_mushroom":2,"minecraft:tuff":1,"minecraft:wheat_seeds":18,"steam_powered:raw_tin":28,"steam_powered:raw_zinc":1,"gamma_beasts:coal_nugget":35,"minecraft:rabbit":1,"minecraft:melon_slice":68,"minecraft:melon_seeds":2,"minecraft:glow_berries":4,"minecraft:coal":109,"minecraft:cobblestone":42},"minecraft:mined":{"steam_powered:zinc_ore":1,"minecraft:tuff":1,"minecraft:lime_bed":1,"minecraft:attached_melon_stem":1,"minecraft:iron_ore":13,"minecraft:wheat":7,"treechop:chopped_log":1,"minecraft:crafting_table":2,"minecraft:torch":1,"minecraft:cave_vines_plant":2,"minecraft:coal_ore":110,"minecraft:cave_vines":4,"minecraft:melon":12,"minecraft:small_dripleaf":1,"minecraft:stone":44,"minecraft:moss_block":2,"steam_powered:tin_ore":28,"minecraft:wall_torch":1},"minecraft:custom":{"minecraft:time_since_rest":11110,"minecraft:sprint_one_cm":121515,"minecraft:damage_taken":655,"minecraft:walk_one_cm":124227,"minecraft:mob_kills":5,"minecraft:damage_dealt":1463,"minecraft:interact_with_crafting_table":6,"minecraft:swim_one_cm":6792,"minecraft:talked_to_villager":3,"minecraft:fly_one_cm":37180,"minecraft:open_barrel":11,"minecraft:crouch_one_cm":358,"minecraft:play_time":31383,"tombstone:undead_killed":1,"minecraft:deaths":1,"minecraft:sneak_time":86,"minecraft:walk_under_water_one_cm":676,"minecraft:boat_one_cm":630,"minecraft:jump":461,"minecraft:damage_dealt_resisted":106,"minecraft:leave_game":2,"minecraft:time_since_death":11331,"minecraft:climb_one_cm":151,"minecraft:walk_on_water_one_cm":16182,"minecraft:sleep_in_bed":1,"minecraft:total_world_time":31383,"minecraft:fall_one_cm":4631,"minecraft:horse_one_cm":1043}},"DataVersion":3465}