{"stats":{"minecraft:dropped":{"minecraft:wheat_seeds":38,"minecraft:stick":3,"steam_powered:steam_handbook":1,"minecraft:allium":1,"minecraft:melon_seeds":2},"minecraft:killed":{"naturalist:rattlesnake":1,"minecraft:rabbit":1,"minecraft:creeper":2,"minecraft:zombie":2,"naturalist:cardinal":1},"minecraft:broken":{"minecraft:stone_pickaxe":1},"minecraft:used":{"minecraft:stone_pickaxe":193,"minecraft:wooden_pickaxe":12,"soul_like_armors_reworked:estusflask":3,"minecraft:torch":2,"minecraft:crafting_table":2,"minecraft:jungle_planks":2,"soul_like_armors_reworked:dagger":19,"minecraft:bread":2,"minecraft:melon_slice":14,"tombstone:grave_key":4,"minecraft:stone_axe":62,"minecraft:furnace":2},"minecraft:crafted":{"minecraft:crafting_table":1,"minecraft:wooden_pickaxe":1,"minecraft:stone_axe":1,"minecraft:bread":2,"minecraft:jungle_planks":44,"minecraft:stick":12,"minecraft:stone_pickaxe":2,"minecraft:torch":8},"minecraft:picked_up":{"minecraft:lime_bed":1,"minecraft:crafting_table":2,"minecraft:allium":1,"minecraft:wheat":7,"minecraft:feather":2,"minecraft:clay_ball":5,"minecraft:jungle_log":11,"minecraft:brown_mushroom":1,"minecraft:red_mushroom":2,"steam_powered:steam_handbook":1,"minecraft:tuff":1,"minecraft:gunpowder":1,"minecraft:dirt":11,"minecraft:wheat_seeds":38,"steam_powered:raw_zinc":1,"minecraft:rabbit":1,"minecraft:melon_slice":68,"minecraft:furnace":2,"minecraft:raw_iron":13,"minecraft:torch":34,"minecraft:rotten_flesh":5,"steam_powered:raw_tin":28,"gamma_beasts:coal_nugget":35,"minecraft:melon_seeds":2,"minecraft:glow_berries":4,"minecraft:coal":109,"minecraft:cobblestone":42},"minecraft:mined":{"minecraft:tuff":1,"minecraft:attached_melon_stem":1,"minecraft:crafting_table":2,"minecraft:torch":1,"minecraft:cave_vines_plant":2,"minecraft:grass_block":1,"minecraft:melon":12,"minecraft:moss_block":2,"steam_powered:tin_ore":28,"minecraft:wall_torch":1,"steam_powered:zinc_ore":1,"minecraft:lime_bed":1,"minecraft:furnace":2,"minecraft:iron_ore":13,"minecraft:wheat":7,"treechop:chopped_log":1,"minecraft:cave_vines":4,"minecraft:coal_ore":110,"minecraft:stone":44,"minecraft:small_dripleaf":1},"minecraft:custom":{"minecraft:mob_kills":8,"minecraft:interact_with_crafting_table":6,"minecraft:open_barrel":11,"minecraft:damage_dealt_resisted":172,"minecraft:leave_game":3,"minecraft:time_since_death":751,"minecraft:sleep_in_bed":2,"minecraft:climb_one_cm":151,"minecraft:time_since_rest":359,"minecraft:sprint_one_cm":161718,"minecraft:damage_taken":3345,"minecraft:walk_one_cm":161176,"minecraft:drop":7,"minecraft:damage_dealt":2076,"minecraft:swim_one_cm":6792,"minecraft:talked_to_villager":4,"minecraft:fly_one_cm":70183,"minecraft:open_chest":5,"minecraft:crouch_one_cm":358,"minecraft:play_time":40589,"tombstone:undead_killed":2,"minecraft:deaths":9,"minecraft:sneak_time":94,"minecraft:walk_under_water_one_cm":676,"minecraft:boat_one_cm":630,"minecraft:jump":590,"minecraft:walk_on_water_one_cm":16182,"minecraft:total_world_time":40589,"minecraft:fall_one_cm":6604,"minecraft:horse_one_cm":1043}},"DataVersion":3465}