{"stats":{"minecraft:killed":{"minecraft:zombie":1,"minecraft:rabbit":1,"naturalist:cardinal":1},"minecraft:used":{"soul_like_armors_reworked:dagger":18,"minecraft:stone_pickaxe":116,"minecraft:bread":2,"minecraft:wooden_pickaxe":12,"tombstone:grave_key":1,"soul_like_armors_reworked:estusflask":3,"minecraft:stone_axe":25,"minecraft:crafting_table":1,"minecraft:jungle_planks":2},"minecraft:crafted":{"minecraft:crafting_table":1,"minecraft:stick":8,"minecraft:wooden_pickaxe":1,"minecraft:stone_pickaxe":1,"minecraft:torch":8,"minecraft:stone_axe":1,"minecraft:bread":2,"minecraft:jungle_planks":44},"minecraft:picked_up":{"minecraft:raw_iron":1,"minecraft:lime_bed":1,"minecraft:crafting_table":1,"minecraft:feather":2,"minecraft:wheat":7,"minecraft:jungle_log":11,"minecraft:brown_mushroom":1,"minecraft:wheat_seeds":18,"steam_powered:raw_tin":8,"gamma_beasts:coal_nugget":22,"minecraft:rabbit":1,"minecraft:glow_berries":4,"minecraft:coal":73,"minecraft:cobblestone":38},"minecraft:mined":{"minecraft:lime_bed":1,"minecraft:iron_ore":1,"minecraft:wheat":7,"treechop:chopped_log":1,"minecraft:crafting_table":1,"minecraft:cave_vines_plant":2,"minecraft:coal_ore":74,"minecraft:cave_vines":4,"minecraft:small_dripleaf":1,"minecraft:stone":40,"minecraft:moss_block":2,"steam_powered:tin_ore":8},"minecraft:custom":{"minecraft:time_since_rest":1943,"minecraft:sprint_one_cm":79797,"minecraft:damage_taken":530,"minecraft:walk_one_cm":85518,"minecraft:mob_kills":3,"minecraft:damage_dealt":1073,"minecraft:interact_with_crafting_table":4,"minecraft:swim_one_cm":6792,"minecraft:talked_to_villager":3,"minecraft:fly_one_cm":24144,"minecraft:open_barrel":6,"minecraft:crouch_one_cm":182,"minecraft:play_time":22216,"tombstone:undead_killed":1,"minecraft:deaths":1,"minecraft:sneak_time":57,"minecraft:walk_under_water_one_cm":676,"minecraft:boat_one_cm":630,"minecraft:jump":277,"minecraft:damage_dealt_resisted":106,"minecraft:leave_game":2,"minecraft:time_since_death":2164,"minecraft:climb_one_cm":151,"minecraft:walk_on_water_one_cm":15801,"minecraft:sleep_in_bed":1,"minecraft:total_world_time":22216,"minecraft:fall_one_cm":2773,"minecraft:horse_one_cm":1043}},"DataVersion":3465}