{"stats":{"minecraft:killed":{"minecraft:rabbit":1,"naturalist:cardinal":1,"minecraft:zombie":1},"minecraft:used":{"soul_like_armors_reworked:dagger":18,"minecraft:jungle_planks":2,"soul_like_armors_reworked:estusflask":3},"minecraft:crafted":{"minecraft:crafting_table":1,"minecraft:stick":4,"minecraft:jungle_planks":44},"minecraft:picked_up":{"minecraft:lime_bed":1,"minecraft:wheat":7,"minecraft:feather":2,"minecraft:jungle_log":11,"minecraft:wheat_seeds":18,"minecraft:rabbit":1},"minecraft:mined":{"minecraft:lime_bed":1,"minecraft:wheat":7,"minecraft:small_dripleaf":1,"treechop:chopped_log":1},"minecraft:custom":{"minecraft:open_barrel":6,"minecraft:time_since_rest":4832,"tombstone:undead_killed":1,"minecraft:play_time":12565,"minecraft:sprint_one_cm":71833,"minecraft:damage_taken":140,"minecraft:walk_one_cm":62422,"minecraft:sneak_time":16,"minecraft:walk_under_water_one_cm":191,"minecraft:mob_kills":3,"minecraft:boat_one_cm":630,"minecraft:jump":159,"minecraft:damage_dealt":290,"minecraft:time_since_death":12565,"minecraft:walk_on_water_one_cm":3282,"minecraft:sleep_in_bed":1,"minecraft:total_world_time":12565,"minecraft:swim_one_cm":6792,"minecraft:talked_to_villager":3,"minecraft:fall_one_cm":1440,"minecraft:fly_one_cm":21484,"minecraft:horse_one_cm":1043}},"DataVersion":3465}