{"stats":{"minecraft:picked_up":{"minecraft:crafting_table":1,"minecraft:magma_block":2,"minecraft:gunpowder":1,"minecraft:dirt":1,"minecraft:paper":15,"minecraft:moss_carpet":2,"minecraft:raw_copper":5,"minecraft:spruce_planks":2,"minecraft:moss_block":2,"minecraft:furnace":2,"minecraft:book":3,"minecraft:stick":8,"minecraft:raw_iron":12,"minecraft:pumpkin":10,"minecraft:sweet_berries":2,"minecraft:porkchop":3,"minecraft:spruce_sapling":10,"gamma_beasts:blackberry":3,"minecraft:spruce_log":20,"minecraft:barrel":1,"minecraft:cauldron":1,"minecraft:tropical_fish":3,"alexscaves:spelunkery_table":1,"gamma_beasts:coal_nugget":13,"minecraft:glow_berries":1,"minecraft:coal":27,"minecraft:cobblestone":37},"minecraft:crafted":{"minecraft:crafting_table":1,"minecraft:spruce_planks":36,"minecraft:wooden_pickaxe":1,"minecraft:furnace":1,"minecraft:stone_axe":1,"minecraft:stick":4,"minecraft:stone_pickaxe":1,"minecraft:stone_sword":1},"minecraft:custom":{"minecraft:interact_with_furnace":3,"minecraft:mob_kills":7,"tombstone:raider_killed":1,"minecraft:interact_with_crafting_table":5,"minecraft:open_barrel":4,"minecraft:interact_with_loom":1,"minecraft:damage_dealt_resisted":422,"minecraft:leave_game":2,"minecraft:time_since_death":0,"minecraft:sleep_in_bed":1,"minecraft:climb_one_cm":1051,"minecraft:time_since_rest":0,"minecraft:sprint_one_cm":74679,"minecraft:walk_one_cm":101092,"minecraft:damage_taken":3442,"minecraft:damage_absorbed":105,"minecraft:drop":2,"minecraft:damage_dealt":1444,"minecraft:swim_one_cm":4496,"minecraft:fly_one_cm":71847,"minecraft:open_chest":6,"minecraft:crouch_one_cm":441,"minecraft:play_time":37263,"tombstone:undead_killed":2,"minecraft:deaths":10,"minecraft:sneak_time":293,"minecraft:walk_under_water_one_cm":4207,"minecraft:jump":787,"minecraft:walk_on_water_one_cm":9998,"minecraft:total_world_time":37263,"minecraft:fall_one_cm":16663},"minecraft:killed":{"minecraft:pig":1,"minecraft:creeper":1,"minecraft:phantom":1,"minecraft:skeleton":1,"minecraft:tropical_fish":3},"minecraft:used":{"minecraft:stone_sword":7,"minecraft:stone_pickaxe":62,"minecraft:spruce_planks":11,"minecraft:wooden_pickaxe":26,"soul_like_armors_reworked:estusflask":5,"minecraft:dirt":1,"minecraft:crafting_table":2,"gamma_beasts:blackberry":3,"soul_like_armors_reworked:dagger":12,"minecraft:stone_axe":59,"minecraft:cobblestone":18,"minecraft:porkchop":3},"minecraft:mined":{"alexscaves:spelunkery_table":1,"gamma_beasts:abeto_hoja":1,"minecraft:spruce_planks":2,"minecraft:cave_vines_plant":1,"minecraft:crafting_table":1,"minecraft:grass_block":1,"minecraft:tall_grass":1,"minecraft:copper_ore":2,"minecraft:moss_block":1,"minecraft:cauldron":1,"minecraft:magma_block":2,"minecraft:furnace":2,"minecraft:fire":3,"minecraft:iron_ore":12,"minecraft:barrel":1,"minecraft:birch_leaves":1,"minecraft:pumpkin":10,"minecraft:moss_carpet":2,"treechop:chopped_log":3,"minecraft:grass":2,"minecraft:bookshelf":1,"minecraft:coal_ore":27,"minecraft:stone":35},"minecraft:dropped":{"minecraft:moss_carpet":1,"minecraft:moss_block":1}},"DataVersion":3465}