{"stats":{"minecraft:crafted":{"minecraft:crafting_table":1,"minecraft:stick":8,"minecraft:stone_pickaxe":1,"minecraft:wooden_pickaxe":1,"minecraft:stone_sword":1,"minecraft:torch":40,"minecraft:birch_planks":24,"minecraft:stone_axe":1},"minecraft:dropped":{"minecraft:mossy_cobblestone":2,"minecraft:birch_sapling":6,"minecraft:rotten_flesh":1,"minecraft:iron_bars":1,"minecraft:stone_pickaxe":2,"minecraft:wooden_pickaxe":1,"swem:leggings_iron":2},"minecraft:picked_up":{"minecraft:birch_log":51,"minecraft:raw_iron":6,"minecraft:stick":21,"minecraft:crafting_table":2,"minecraft:sweet_berries":12,"swem:star_worm":18,"paraglider:spirit_orb":2,"minecraft:oak_log":10,"quark:azalea_log":7,"minecraft:carrot":27,"minecraft:dirt":25,"minecraft:mossy_cobblestone":2,"minecraft:bone":2,"minecraft:rotten_flesh":1,"minecraft:stone_pickaxe":2,"swem:alfalfa_seeds":1,"minecraft:emerald":1,"minecraft:bread":7,"gamma_beasts:coal_nugget":2,"minecraft:azalea":6,"minecraft:oak_sapling":6,"swem:oat_seeds":1,"minecraft:iron_bars":1,"minecraft:birch_sapling":6,"minecraft:coal":10,"minecraft:flowering_azalea":1,"minecraft:cobblestone":66},"minecraft:custom":{"minecraft:time_since_rest":16607,"minecraft:waystone_activated":1,"minecraft:interact_with_furnace":3,"minecraft:sprint_one_cm":47135,"minecraft:damage_taken":759,"minecraft:walk_one_cm":123108,"minecraft:mob_kills":9,"minecraft:drop":8,"minecraft:damage_dealt":1803,"minecraft:talked_to_villager":2,"minecraft:swim_one_cm":1183,"minecraft:interact_with_crafting_table":3,"minecraft:fly_one_cm":38011,"minecraft:open_barrel":8,"minecraft:open_chest":11,"minecraft:play_time":29024,"minecraft:sneak_time":4,"minecraft:walk_under_water_one_cm":6047,"minecraft:jump":395,"minecraft:time_since_death":29024,"minecraft:walk_on_water_one_cm":1503,"minecraft:sleep_in_bed":1,"minecraft:total_world_time":29024,"minecraft:fall_one_cm":10330},"minecraft:mined":{"minecraft:stone_stairs":1,"minecraft:dark_oak_trapdoor":1,"minecraft:mossy_cobblestone":2,"minecraft:iron_ore":6,"treechop:chopped_log":7,"minecraft:crafting_table":2,"minecraft:grass":2,"minecraft:calcite":8,"minecraft:spruce_fence":1,"minecraft:grass_block":14,"minecraft:coal_ore":10,"minecraft:iron_bars":1,"minecraft:dirt":12,"swem:star_worm_cobble":4,"minecraft:cobblestone":10,"minecraft:tripwire_hook":2,"minecraft:stone":56,"minecraft:spawner":1},"minecraft:used":{"minecraft:stone_sword":50,"minecraft:bread":12,"minecraft:stone_pickaxe":105,"minecraft:leather_chestplate":1,"minecraft:wooden_pickaxe":5,"minecraft:torch":4,"minecraft:stone_axe":56,"minecraft:dirt":13,"minecraft:crafting_table":2},"minecraft:killed":{"minecraft:skeleton":5,"minecraft:zombie":1,"minecraft:vindicator":3}},"DataVersion":3465}