{"stats":{"minecraft:crafted":{"minecraft:stone_sword":1,"minecraft:birch_planks":24,"minecraft:stone_axe":1,"minecraft:crafting_table":1,"minecraft:stick":8,"minecraft:wooden_pickaxe":1,"minecraft:stone_pickaxe":1},"minecraft:picked_up":{"minecraft:birch_log":42,"minecraft:crafting_table":2,"minecraft:stick":6,"minecraft:raw_iron":2,"swem:alfalfa_seeds":1,"swem:oat_seeds":1,"minecraft:birch_sapling":3,"minecraft:cobblestone":45,"minecraft:dirt":22},"minecraft:custom":{"minecraft:time_since_rest":5024,"minecraft:sprint_one_cm":345,"minecraft:play_time":5024,"minecraft:walk_one_cm":11931,"minecraft:jump":88,"minecraft:time_since_death":5024,"minecraft:total_world_time":5024,"minecraft:interact_with_crafting_table":3},"minecraft:mined":{"minecraft:grass":2,"minecraft:grass_block":12,"minecraft:dirt":11,"minecraft:iron_ore":2,"minecraft:stone":45,"treechop:chopped_log":4,"minecraft:crafting_table":2},"minecraft:used":{"minecraft:stone_axe":35,"minecraft:dirt":13,"minecraft:crafting_table":2,"minecraft:stone_pickaxe":49,"minecraft:wooden_pickaxe":5}},"DataVersion":3465}