{"stats":{"minecraft:crafted":{"minecraft:crafting_table":1,"minecraft:stick":8,"minecraft:stone_pickaxe":1,"minecraft:wooden_pickaxe":1,"minecraft:stone_sword":1,"minecraft:birch_planks":24,"minecraft:stone_axe":1},"minecraft:picked_up":{"minecraft:birch_log":51,"minecraft:raw_iron":6,"minecraft:stick":21,"minecraft:crafting_table":2,"minecraft:sweet_berries":12,"swem:star_worm":18,"minecraft:oak_log":10,"quark:azalea_log":7,"minecraft:dirt":24,"minecraft:mossy_cobblestone":2,"swem:alfalfa_seeds":1,"minecraft:bread":7,"gamma_beasts:coal_nugget":2,"minecraft:azalea":6,"minecraft:oak_sapling":6,"swem:oat_seeds":1,"minecraft:birch_sapling":6,"minecraft:coal":10,"minecraft:flowering_azalea":1,"minecraft:cobblestone":60},"minecraft:custom":{"minecraft:time_since_rest":4607,"minecraft:waystone_activated":1,"minecraft:sprint_one_cm":36724,"minecraft:damage_taken":150,"minecraft:walk_one_cm":50649,"minecraft:talked_to_villager":2,"minecraft:swim_one_cm":1183,"minecraft:interact_with_crafting_table":3,"minecraft:fly_one_cm":26804,"minecraft:open_chest":4,"minecraft:play_time":17024,"minecraft:sneak_time":4,"minecraft:walk_under_water_one_cm":6047,"minecraft:jump":286,"minecraft:time_since_death":17024,"minecraft:walk_on_water_one_cm":1503,"minecraft:sleep_in_bed":1,"minecraft:total_world_time":17024,"minecraft:fall_one_cm":6164},"minecraft:mined":{"minecraft:mossy_cobblestone":2,"minecraft:iron_ore":6,"treechop:chopped_log":7,"minecraft:crafting_table":2,"minecraft:grass":2,"minecraft:grass_block":13,"minecraft:coal_ore":10,"minecraft:dirt":12,"swem:star_worm_cobble":4,"minecraft:cobblestone":10,"minecraft:stone":50},"minecraft:used":{"minecraft:bread":4,"minecraft:stone_pickaxe":85,"minecraft:wooden_pickaxe":5,"minecraft:stone_axe":55,"minecraft:dirt":13,"minecraft:crafting_table":2}},"DataVersion":3465}