{"stats":{"minecraft:picked_up":{"minecraft:birch_log":4,"minecraft:golden_helmet":6,"minecraft:stick":9,"minecraft:crafting_table":3,"minecraft:sweet_berries":7,"minecraft:spyglass":1,"minecraft:porkchop":6,"minecraft:fire_charge":1,"minecraft:enchanted_book":1,"minecraft:spruce_sapling":20,"minecraft:golden_boots":1,"minecraft:spruce_log":71,"gamma_beasts:blackberry":6,"minecraft:dirt":21,"minecraft:wheat_seeds":3,"minecraft:iron_helmet":1,"gamma_beasts:coal_nugget":6,"minecraft:birch_sapling":1,"minecraft:coal":19,"minecraft:cobblestone":105},"minecraft:crafted":{"minecraft:crafting_table":1,"minecraft:stick":12,"minecraft:wooden_pickaxe":1,"minecraft:stone_pickaxe":1,"minecraft:wooden_axe":1,"minecraft:stone_sword":1,"minecraft:birch_planks":16,"minecraft:stone_axe":1},"minecraft:custom":{"minecraft:time_since_rest":5547,"minecraft:sprint_one_cm":21082,"minecraft:damage_taken":2730,"minecraft:walk_one_cm":87920,"minecraft:mob_kills":4,"minecraft:damage_dealt":848,"minecraft:swim_one_cm":3415,"minecraft:interact_with_crafting_table":4,"minecraft:talked_to_villager":4,"minecraft:fly_one_cm":19884,"minecraft:open_chest":4,"minecraft:crouch_one_cm":250,"minecraft:play_time":28989,"tombstone:undead_killed":1,"minecraft:deaths":6,"minecraft:sneak_time":344,"minecraft:walk_under_water_one_cm":652,"minecraft:damage_dealt_resisted":212,"minecraft:jump":361,"minecraft:leave_game":3,"minecraft:time_since_death":5750,"minecraft:walk_on_water_one_cm":608,"minecraft:total_world_time":28989,"minecraft:fall_one_cm":7549},"minecraft:killed":{"minecraft:pig":3,"minecraft:zombie":1},"minecraft:used":{"minecraft:wooden_axe":15,"soul_like_armors_reworked:dagger":2,"minecraft:stone_sword":33,"minecraft:stone_pickaxe":120,"minecraft:bread":1,"minecraft:wooden_pickaxe":7,"tombstone:grave_key":2,"soul_like_armors_reworked:estusflask":5,"minecraft:stone_axe":33,"minecraft:dirt":21,"minecraft:cobblestone":11,"minecraft:crafting_table":3,"minecraft:porkchop":4,"gamma_beasts:blackberry":6},"minecraft:mined":{"minecraft:large_fern":4,"gamma_beasts:abeto_hoja":2,"minecraft:birch_log":2,"minecraft:fire":1,"minecraft:sweet_berry_bush":1,"minecraft:birch_leaves":6,"treechop:chopped_log":4,"minecraft:crafting_table":3,"minecraft:grass":4,"minecraft:grass_block":8,"minecraft:coal_ore":19,"minecraft:dirt":14,"minecraft:tall_grass":3,"minecraft:spruce_leaves":7,"minecraft:stone":108,"minecraft:fern":1}},"DataVersion":3465}