{"stats":{"minecraft:broken":{"minecraft:stone_sword":1},"minecraft:crafted":{"minecraft:crafting_table":1,"minecraft:wooden_pickaxe":1,"minecraft:birch_planks":24,"minecraft:stone_axe":1,"minecraft:stick":8,"minecraft:stone_pickaxe":1,"minecraft:stone_sword":1,"minecraft:torch":40},"minecraft:dropped":{"minecraft:mossy_cobblestone":2,"minecraft:birch_sapling":6,"minecraft:iron_helmet":1,"minecraft:rotten_flesh":1,"swem:leggings_iron":2,"minecraft:iron_bars":1,"minecraft:stone_pickaxe":2,"minecraft:wooden_pickaxe":1},"minecraft:picked_up":{"minecraft:birch_log":51,"minecraft:crafting_table":2,"swem:star_worm":18,"paraglider:spirit_orb":6,"minecraft:oak_log":10,"quark:azalea_log":7,"minecraft:dirt":25,"minecraft:bone":19,"minecraft:stone_pickaxe":2,"minecraft:calcite":1,"minecraft:azalea":6,"swem:oat_seeds":1,"minecraft:birch_sapling":6,"minecraft:flowering_azalea":1,"minecraft:stick":21,"minecraft:raw_iron":6,"minecraft:sweet_berries":12,"minecraft:torch":3,"minecraft:carrot":27,"minecraft:mossy_cobblestone":2,"minecraft:arrow":18,"minecraft:rotten_flesh":1,"minecraft:iron_helmet":3,"swem:alfalfa_seeds":1,"gamma_beasts:coal_nugget":2,"minecraft:bread":7,"minecraft:emerald":1,"minecraft:oak_sapling":6,"minecraft:iron_bars":1,"minecraft:coal":10,"minecraft:cobblestone":66},"minecraft:custom":{"minecraft:interact_with_furnace":3,"minecraft:mob_kills":22,"minecraft:interact_with_crafting_table":3,"minecraft:open_barrel":11,"minecraft:leave_game":1,"minecraft:time_since_death":2819,"minecraft:sleep_in_bed":3,"minecraft:climb_one_cm":4512,"minecraft:time_since_rest":2842,"minecraft:waystone_activated":1,"minecraft:sprint_one_cm":47952,"minecraft:damage_taken":3449,"minecraft:walk_one_cm":188454,"minecraft:drop":9,"minecraft:damage_dealt":4630,"minecraft:swim_one_cm":1183,"minecraft:talked_to_villager":2,"minecraft:fly_one_cm":42578,"minecraft:open_chest":15,"minecraft:play_time":42071,"minecraft:deaths":10,"minecraft:sneak_time":38,"minecraft:walk_under_water_one_cm":6047,"minecraft:jump":491,"minecraft:walk_on_water_one_cm":1503,"minecraft:total_world_time":42071,"minecraft:fall_one_cm":12571},"minecraft:mined":{"minecraft:mossy_cobblestone":2,"minecraft:crafting_table":2,"minecraft:grass_block":14,"minecraft:spruce_fence":1,"minecraft:calcite":8,"minecraft:rose_bush":1,"minecraft:cobblestone":10,"swem:star_worm_cobble":4,"minecraft:spawner":3,"minecraft:stone_stairs":1,"minecraft:black_stained_glass":5,"minecraft:dark_oak_slab":8,"minecraft:dark_oak_trapdoor":1,"minecraft:iron_ore":6,"treechop:chopped_log":7,"minecraft:grass":2,"minecraft:coal_ore":10,"minecraft:iron_bars":1,"minecraft:dirt":12,"minecraft:tripwire_hook":2,"minecraft:stone":56},"minecraft:used":{"minecraft:stone_sword":130,"minecraft:stone_pickaxe":107,"minecraft:wooden_pickaxe":5,"minecraft:leather_chestplate":1,"minecraft:torch":20,"minecraft:dirt":13,"minecraft:crafting_table":2,"minecraft:bread":15,"minecraft:stone_axe":67},"minecraft:killed":{"minecraft:vindicator":3,"minecraft:skeleton":18,"minecraft:zombie":1}},"DataVersion":3465}