{"stats":{"minecraft:picked_up":{"minecraft:birch_log":4,"minecraft:stick":9,"minecraft:crafting_table":3,"minecraft:sweet_berries":7,"minecraft:porkchop":6,"minecraft:spruce_sapling":20,"minecraft:spruce_log":24,"gamma_beasts:blackberry":3,"minecraft:dirt":21,"minecraft:wheat_seeds":3,"gamma_beasts:coal_nugget":6,"minecraft:birch_sapling":1,"minecraft:coal":19,"minecraft:cobblestone":105},"minecraft:crafted":{"minecraft:crafting_table":1,"minecraft:stick":12,"minecraft:wooden_pickaxe":1,"minecraft:stone_pickaxe":1,"minecraft:wooden_axe":1,"minecraft:stone_sword":1,"minecraft:birch_planks":16,"minecraft:stone_axe":1},"minecraft:custom":{"minecraft:time_since_rest":452,"minecraft:sprint_one_cm":12172,"minecraft:damage_taken":1340,"minecraft:walk_one_cm":47047,"minecraft:mob_kills":3,"minecraft:damage_dealt":740,"minecraft:interact_with_crafting_table":4,"minecraft:fly_one_cm":11610,"minecraft:crouch_one_cm":250,"minecraft:play_time":16669,"minecraft:deaths":2,"minecraft:sneak_time":325,"minecraft:damage_dealt_resisted":200,"minecraft:jump":166,"minecraft:walk_on_water_one_cm":20,"minecraft:time_since_death":654,"minecraft:total_world_time":16669,"minecraft:fall_one_cm":2947},"minecraft:killed":{"minecraft:pig":3},"minecraft:used":{"minecraft:wooden_axe":15,"soul_like_armors_reworked:dagger":2,"minecraft:stone_sword":25,"minecraft:stone_pickaxe":120,"minecraft:wooden_pickaxe":7,"tombstone:grave_key":1,"soul_like_armors_reworked:estusflask":5,"minecraft:stone_axe":13,"minecraft:dirt":21,"minecraft:crafting_table":3,"gamma_beasts:blackberry":3},"minecraft:mined":{"minecraft:large_fern":4,"gamma_beasts:abeto_hoja":1,"minecraft:birch_log":2,"minecraft:fire":1,"minecraft:sweet_berry_bush":1,"minecraft:birch_leaves":6,"treechop:chopped_log":3,"minecraft:crafting_table":3,"minecraft:grass":4,"minecraft:grass_block":8,"minecraft:coal_ore":19,"minecraft:dirt":14,"minecraft:tall_grass":3,"minecraft:spruce_leaves":5,"minecraft:stone":108,"minecraft:fern":1}},"DataVersion":3465}