{"stats":{"minecraft:custom":{"minecraft:time_since_rest":30874,"minecraft:sprint_one_cm":12211,"minecraft:damage_taken":700,"minecraft:walk_one_cm":22542,"minecraft:drop":3,"minecraft:damage_dealt":68,"minecraft:swim_one_cm":13104,"minecraft:interact_with_crafting_table":4,"minecraft:fly_one_cm":10625,"minecraft:play_time":33651,"minecraft:deaths":1,"minecraft:sneak_time":18,"minecraft:walk_under_water_one_cm":1872,"minecraft:jump":113,"minecraft:leave_game":1,"minecraft:time_since_death":32755,"minecraft:walk_on_water_one_cm":5156,"minecraft:total_world_time":33651,"minecraft:fall_one_cm":3517},"minecraft:picked_up":{"minecraft:stick":4,"minecraft:crafting_table":2,"minecraft:acacia_log":9,"bakery:strawberry_seeds":1,"minecraft:dirt":30,"gamma_beasts:acacia_leaf":1,"minecraft:rotten_flesh":2,"minecraft:wheat_seeds":1,"minecraft:acacia_sapling":3,"minecraft:cobblestone":15},"minecraft:crafted":{"minecraft:crafting_table":1,"minecraft:stick":4,"minecraft:wooden_pickaxe":1,"minecraft:stone_pickaxe":1,"minecraft:wooden_axe":1,"minecraft:acacia_planks":36},"minecraft:used":{"minecraft:wooden_axe":7,"soul_like_armors_reworked:dagger":2,"minecraft:stone_pickaxe":12,"minecraft:wooden_pickaxe":3,"soul_like_armors_reworked:estusflask":5,"tombstone:grave_key":2,"minecraft:dirt":18,"minecraft:cobblestone":2,"minecraft:crafting_table":2,"tombstone:gift":2},"minecraft:mined":{"minecraft:podzol":1,"treechop:chopped_log":2,"gamma_beasts:acacia_hoja_1":2,"minecraft:crafting_table":2,"minecraft:grass":5,"bakery:wild_strawberries":1,"minecraft:grass_block":2,"minecraft:dirt":27,"minecraft:tall_grass":1,"minecraft:cobblestone":1,"minecraft:stone":14},"minecraft:dropped":{"bakery:strawberry_seeds":1,"gamma_beasts:acacia_leaf":1,"tombstone:grave_dust":1}},"DataVersion":3465}