{"stats":{"minecraft:custom":{"minecraft:time_since_rest":21396,"minecraft:play_time":24173,"minecraft:sprint_one_cm":11440,"minecraft:walk_one_cm":10007,"minecraft:damage_taken":460,"minecraft:deaths":1,"minecraft:drop":3,"minecraft:jump":60,"minecraft:time_since_death":23277,"minecraft:total_world_time":24173,"minecraft:fly_one_cm":8051,"minecraft:fall_one_cm":1291},"minecraft:picked_up":{"gamma_beasts:acacia_leaf":1,"minecraft:wheat_seeds":1,"bakery:strawberry_seeds":1,"minecraft:dirt":13},"minecraft:used":{"soul_like_armors_reworked:dagger":1,"minecraft:dirt":8,"tombstone:gift":2,"tombstone:grave_key":2,"soul_like_armors_reworked:estusflask":3},"minecraft:mined":{"minecraft:grass":2,"bakery:wild_strawberries":1,"minecraft:grass_block":1,"minecraft:dirt":12,"minecraft:tall_grass":1,"gamma_beasts:acacia_hoja_1":2},"minecraft:dropped":{"tombstone:grave_dust":1,"bakery:strawberry_seeds":1,"gamma_beasts:acacia_leaf":1}},"DataVersion":3465}