{"stats":{"minecraft:custom":{"minecraft:jump":29,"minecraft:time_since_rest":9396,"minecraft:sprint_one_cm":5211,"minecraft:deaths":1,"minecraft:play_time":12173,"minecraft:damage_taken":255,"minecraft:time_since_death":11277,"minecraft:walk_one_cm":4716,"minecraft:total_world_time":12173,"minecraft:fly_one_cm":4591},"minecraft:picked_up":{"minecraft:dirt":4},"minecraft:used":{"tombstone:gift":2,"minecraft:dirt":1},"minecraft:mined":{"minecraft:grass":1,"minecraft:grass_block":1,"minecraft:dirt":3}},"DataVersion":3465}